source,target
19,21
19,149
19,205
19,266
19,281
19,282
19,287
19,293
19,297
19,299
19,309
19,311
19,329
19,338
19,339
19,341
19,351
19,361
19,362
19,363
19,374
19,382
19,396
19,397
19,399
19,423
19,465
19,476
19,477
19,479
19,927
19,951
19,952
19,953
19,1073
19,1074
19,1213
19,1214
19,1215
19,1222
21,149
21,205
21,266
21,281
21,282
21,287
21,293
21,297
21,299
21,309
21,311
21,329
21,338
21,339
21,341
21,351
21,361
21,362
21,363
21,374
21,382
21,396
21,397
21,399
21,423
21,465
21,476
21,477
21,479
21,927
21,951
21,952
21,953
21,1073
21,1074
21,1213
21,1214
21,1215
21,1222
149,205
149,266
149,281
149,282
149,287
149,293
149,297
149,299
149,309
149,311
149,329
149,338
149,339
149,341
149,351
149,361
149,362
149,363
149,374
149,382
149,396
149,397
149,399
149,423
149,465
149,476
149,477
149,479
149,927
149,951
149,952
149,953
149,1073
149,1074
149,1213
149,1214
149,1215
149,1222
205,266
205,281
205,282
205,287
205,293
205,297
205,299
205,309
205,311
205,329
205,338
205,339
205,341
205,351
205,361
205,362
205,363
205,374
205,382
205,396
205,397
205,399
205,423
205,465
205,476
205,477
205,479
205,927
205,951
205,952
205,953
205,1073
205,1074
205,1213
205,1214
205,1215
205,1222
266,281
266,282
266,287
266,293
266,297
266,299
266,309
266,311
266,329
266,338
266,339
266,341
266,351
266,361
266,362
266,363
266,374
266,382
266,396
266,397
266,399
266,423
266,465
266,476
266,477
266,479
266,927
266,951
266,952
266,953
266,1073
266,1074
266,1213
266,1214
266,1215
266,1222
281,282
281,287
281,293
281,297
281,299
281,309
281,311
281,329
281,338
281,339
281,341
281,351
281,361
281,362
281,363
281,374
281,382
281,396
281,397
281,399
281,423
281,465
281,476
281,477
281,479
281,927
281,951
281,952
281,953
281,1073
281,1074
281,1213
281,1214
281,1215
281,1222
282,287
282,293
282,297
282,299
282,309
282,311
282,329
282,338
282,339
282,341
282,351
282,361
282,362
282,363
282,374
282,382
282,396
282,397
282,399
282,423
282,465
282,476
282,477
282,479
282,927
282,951
282,952
282,953
282,1073
282,1074
282,1213
282,1214
282,1215
282,1222
287,293
287,297
287,299
287,309
287,311
287,329
287,338
287,339
287,341
287,351
287,361
287,362
287,363
287,374
287,382
287,396
287,397
287,399
287,423
287,465
287,476
287,477
287,479
287,927
287,951
287,952
287,953
287,1073
287,1074
287,1213
287,1214
287,1215
287,1222
293,297
293,299
293,309
293,311
293,329
293,338
293,339
293,341
293,351
293,361
293,362
293,363
293,374
293,382
293,396
293,397
293,399
293,423
293,465
293,476
293,477
293,479
293,927
293,951
293,952
293,953
293,1073
293,1074
293,1213
293,1214
293,1215
293,1222
297,299
297,309
297,311
297,329
297,338
297,339
297,341
297,351
297,361
297,362
297,363
297,374
297,382
297,396
297,397
297,399
297,423
297,465
297,476
297,477
297,479
297,927
297,951
297,952
297,953
297,1073
297,1074
297,1213
297,1214
297,1215
297,1222
299,309
299,311
299,329
299,338
299,339
299,341
299,351
299,361
299,362
299,363
299,374
299,382
299,396
299,397
299,399
299,423
299,465
299,476
299,477
299,479
299,927
299,951
299,952
299,953
299,1073
299,1074
299,1213
299,1214
299,1215
299,1222
309,311
309,329
309,338
309,339
309,341
309,351
309,361
309,362
309,363
309,374
309,382
309,396
309,397
309,399
309,423
309,465
309,476
309,477
309,479
309,927
309,951
309,952
309,953
309,1073
309,1074
309,1213
309,1214
309,1215
309,1222
311,329
311,338
311,339
311,341
311,351
311,361
311,362
311,363
311,374
311,382
311,396
311,397
311,399
311,423
311,465
311,476
311,477
311,479
311,927
311,951
311,952
311,953
311,1073
311,1074
311,1213
311,1214
311,1215
311,1222
329,338
329,339
329,341
329,351
329,361
329,362
329,363
329,374
329,382
329,396
329,397
329,399
329,423
329,465
329,476
329,477
329,479
329,927
329,951
329,952
329,953
329,1073
329,1074
329,1213
329,1214
329,1215
329,1222
338,339
338,341
338,351
338,361
338,362
338,363
338,374
338,382
338,396
338,397
338,399
338,423
338,465
338,476
338,477
338,479
338,927
338,951
338,952
338,953
338,1073
338,1074
338,1213
338,1214
338,1215
338,1222
339,341
339,351
339,361
339,362
339,363
339,374
339,382
339,396
339,397
339,399
339,423
339,465
339,476
339,477
339,479
339,927
339,951
339,952
339,953
339,1073
339,1074
339,1213
339,1214
339,1215
339,1222
341,351
341,361
341,362
341,363
341,374
341,382
341,396
341,397
341,399
341,423
341,465
341,476
341,477
341,479
341,927
341,951
341,952
341,953
341,1073
341,1074
341,1213
341,1214
341,1215
341,1222
351,361
351,362
351,363
351,374
351,382
351,396
351,397
351,399
351,423
351,465
351,476
351,477
351,479
351,927
351,951
351,952
351,953
351,1073
351,1074
351,1213
351,1214
351,1215
351,1222
361,362
361,363
361,374
361,382
361,396
361,397
361,399
361,423
361,465
361,476
361,477
361,479
361,927
361,951
361,952
361,953
361,1073
361,1074
361,1213
361,1214
361,1215
361,1222
362,363
362,374
362,382
362,396
362,397
362,399
362,423
362,465
362,476
362,477
362,479
362,927
362,951
362,952
362,953
362,1073
362,1074
362,1213
362,1214
362,1215
362,1222
363,374
363,382
363,396
363,397
363,399
363,423
363,465
363,476
363,477
363,479
363,927
363,951
363,952
363,953
363,1073
363,1074
363,1213
363,1214
363,1215
363,1222
374,382
374,396
374,397
374,399
374,423
374,465
374,476
374,477
374,479
374,927
374,951
374,952
374,953
374,1073
374,1074
374,1213
374,1214
374,1215
374,1222
382,396
382,397
382,399
382,423
382,465
382,476
382,477
382,479
382,927
382,951
382,952
382,953
382,1073
382,1074
382,1213
382,1214
382,1215
382,1222
396,397
396,399
396,423
396,465
396,476
396,477
396,479
396,927
396,951
396,952
396,953
396,1073
396,1074
396,1213
396,1214
396,1215
396,1222
397,399
397,423
397,465
397,476
397,477
397,479
397,927
397,951
397,952
397,953
397,1073
397,1074
397,1213
397,1214
397,1215
397,1222
399,423
399,465
399,476
399,477
399,479
399,927
399,951
399,952
399,953
399,1073
399,1074
399,1213
399,1214
399,1215
399,1222
423,465
423,476
423,477
423,479
423,927
423,951
423,952
423,953
423,1073
423,1074
423,1213
423,1214
423,1215
423,1222
465,476
465,477
465,479
465,927
465,951
465,952
465,953
465,1073
465,1074
465,1213
465,1214
465,1215
465,1222
476,477
476,479
476,927
476,951
476,952
476,953
476,1073
476,1074
476,1213
476,1214
476,1215
476,1222
477,479
477,927
477,951
477,952
477,953
477,1073
477,1074
477,1213
477,1214
477,1215
477,1222
479,927
479,951
479,952
479,953
479,1073
479,1074
479,1213
479,1214
479,1215
479,1222
927,951
927,952
927,953
927,1073
927,1074
927,1213
927,1214
927,1215
927,1222
951,952
951,953
951,1073
951,1074
951,1213
951,1214
951,1215
951,1222
952,953
952,1073
952,1074
952,1213
952,1214
952,1215
952,1222
953,1073
953,1074
953,1213
953,1214
953,1215
953,1222
1073,1074
1073,1213
1073,1214
1073,1215
1073,1222
1074,1213
1074,1214
1074,1215
1074,1222
1213,1214
1213,1215
1213,1222
1214,1215
1214,1222
1215,1222
